frame,value
0,7.800472
1,7.668048
2,7.417933
3,7.334758
4,29.666813
5,29.589413
6,30.483223
7,30.516352
8,30.588888
9,31.151583
10,30.930719
11,31.191919
12,31.319023
13,31.272810
14,31.486296
15,31.387783
16,31.367270
17,31.272604
18,31.131657
19,31.303612
20,32.788948
21,31.458166
22,31.150198
23,33.220776
24,35.368065
25,35.564457
26,35.613373
27,34.865406
28,32.932171
29,31.320322
30,30.648781
31,29.580421
32,28.703743
33,28.292757
34,32.868484
35,32.975388
36,33.224716
37,32.458199
38,32.962128
39,34.301414
40,33.559887
41,33.419075
42,33.939720
43,34.583515
44,35.030258
45,34.729614
46,34.944355
47,35.521351
48,34.389194
49,33.458080
50,33.523262
51,32.924908
52,32.492901
53,31.521412
54,31.215576
55,30.798790
56,30.186859
57,30.214497
58,30.235691
59,23.641361
60,21.330160
61,19.910860
62,19.694717
63,20.098354
64,30.689520
65,31.008797
66,31.357807
67,31.638657
68,31.723759
69,31.607134
70,31.479670
71,30.928587
72,30.333265
73,30.115936
74,29.523565
75,29.310726
76,29.140253
77,28.994738
78,28.902719
79,28.819368
80,29.230846
81,29.731750
82,30.024937
83,30.576427
84,30.897224
85,31.054041
86,30.894489
87,30.566334
88,30.239279
89,29.951532
90,29.810017
91,29.851366
92,30.558203
93,30.392389
94,29.736540
95,29.954979
96,29.952078
97,27.956045
98,25.930273
99,25.808096
100,25.295485
101,25.098900
102,25.351677
103,25.713497
104,25.892473
105,26.086948
106,25.327715
107,24.931519
108,24.733738
109,24.784428
110,24.933519
111,25.137699
112,25.443192
113,26.614763
114,27.463190
115,27.919357
116,28.849022
117,29.542332
118,30.015160
119,30.652630
120,31.518024
121,32.209610
122,33.476612
123,33.831871
124,33.379692
125,33.148857
126,32.864677
127,32.387199
128,31.760563
129,31.317852
130,30.825529
131,30.425821
132,30.309782
133,30.269039
134,30.250031
135,30.281412
136,30.357107
137,30.159681
138,30.305578
139,30.459198
140,30.533064
141,31.347912
142,32.620209
143,32.988739
144,33.444069
145,33.374725
146,33.431969
147,32.934010
148,32.159687
149,31.259542
150,31.449430
151,31.209005
152,30.909414
153,30.726393
154,30.728600
155,30.572845
156,30.506565
157,30.291977
158,30.111084
159,30.068789
160,29.905138
161,29.995415
162,30.188160
163,30.399273
164,30.500542
165,30.795839
166,32.791965
167,32.840729
168,33.596119
169,33.671272
170,33.713223
171,32.932495
172,31.985382
173,31.920002
174,30.778833
175,30.755371
176,30.470592
177,30.137262
178,29.810780
179,29.841959
180,29.914600
181,29.921291
182,29.966375
183,29.984262
184,30.109568
185,30.047600
186,30.361094
187,30.608423
188,30.773861
189,31.256695
190,31.703705
191,32.296085
192,32.349781
193,32.859886
194,33.398289
195,33.266884
196,33.313816
197,33.000278
198,33.084095
199,32.621292
200,31.647905
201,31.975891
202,31.484692
203,31.749544
204,31.918249
205,31.968941
206,32.029358
207,32.007992
208,32.103207
209,32.181820
210,32.326984
211,32.367905
212,32.306580
213,32.405266
214,32.893894
215,32.770794
216,33.325710
217,33.650795
218,33.561939
219,33.856808
220,34.122421
221,34.932705
222,35.273251
223,35.163639
224,35.218323
225,35.847290
226,36.445488
227,36.725533
228,36.581085
229,36.398865
230,37.466190
231,38.679546
232,38.788887
233,39.412193
234,40.408226
235,40.883526
236,41.267723
237,41.826496
238,42.365238
239,42.351257
240,46.687828
241,45.229225
242,40.385212
243,40.372272
244,39.951935
245,39.745586
246,40.208035
247,40.081081
248,41.181156
249,40.671310
250,41.268402
251,42.413132
252,38.782482
253,38.817631
254,37.886024
255,38.133705
256,39.087749
257,38.537586
258,37.530643
259,38.109055
260,38.040073
261,37.279716
262,37.024044
263,37.272930
264,37.534279
265,38.251106
266,37.917339
267,38.715729
268,38.717552
269,39.214916
270,40.149784
271,41.763737
272,42.116814
273,42.389343
274,41.235764
275,40.205696
276,40.807285
277,41.127720
278,41.112862
279,40.652218
280,39.734131
281,39.657059
282,39.272518
283,37.803490
284,36.673027
285,35.661152
286,35.723522
287,36.116650
288,36.956364
289,39.691433
290,40.671329
291,40.479939
292,41.163490
293,46.324348
294,46.085701
295,40.924068
296,38.261906
297,35.531631
298,33.621471
299,32.505424
300,30.099649
301,31.551968
302,31.355530
303,30.149292
304,14.101029
305,13.758910
306,13.747881
307,14.255475
308,14.952242
309,15.069392
310,16.025848
311,17.611937
312,18.617737
313,19.839825
314,21.092230
315,20.892580
316,20.381969
317,20.035328
318,20.134880
319,20.153309
320,19.147211
321,18.393330
322,16.933411
323,14.480918
324,13.389009
325,12.053915
326,10.891962
327,10.520253
328,10.162413
329,9.875682
330,9.822533
331,9.714460
332,10.022270
333,10.187311
334,10.332848
335,10.540142
336,10.733805
337,10.936812
338,11.212610
339,11.399437
340,11.572175
341,12.280252
342,12.531460
343,13.014735
344,12.842095
345,13.723328
346,14.815204
347,17.009291
348,18.545147
349,21.304354
350,25.795847
351,27.819923
352,28.822361
353,28.821703
354,28.873579
355,28.452461
356,28.432451
357,28.955330
358,28.791735
359,28.929417
360,28.626776
361,28.599033
362,28.529226
363,28.510775
364,27.246090
365,27.620344
366,27.032150
367,27.152479
368,26.423887
369,26.695429
370,26.834793
371,25.619299
372,26.157858
373,25.896887
374,26.145576
375,26.171103
376,26.065634
377,26.288473
378,26.394756
379,25.713030
380,25.572226
381,24.863380
382,25.178976
383,25.152275
384,24.103872
385,23.391640
386,23.874609
387,24.314169
388,23.789120
389,23.223711
390,22.934841
391,22.554512
392,22.711321
393,22.153286
394,27.200867
395,27.320799
396,27.462309
397,27.194485
398,27.247761
399,27.279938
400,27.532013
401,27.353359
402,27.128775
403,27.166775
404,26.916862
405,26.748606
406,26.461657
407,26.818798
408,26.023569
409,22.975798
410,19.922819
411,18.835621
412,17.768753
413,15.539740
414,15.427150
415,16.028568
416,14.814921
417,13.853044
418,13.623014
419,13.116349
420,12.550140
421,12.325068
422,11.820513
423,11.456581
424,29.331863
425,29.746624
426,29.898392
427,29.359812
428,29.781000
429,29.499773
430,29.343782
431,28.563036
432,27.961199
433,28.121542
434,28.384476
435,28.124247
436,27.655575
437,28.209517
438,28.144156
439,28.408041
440,27.995136
441,27.958649
442,27.846346
443,28.231588
444,27.715122
445,27.872305
446,28.164244
447,28.040335
448,27.685472
449,27.660318
450,28.722719
451,28.601526
452,28.322147
453,26.840796
454,27.057268
455,26.049938
456,26.169001
457,25.701813
458,26.281000
459,26.076878
460,26.734081
461,26.542727
462,26.389454
463,26.101871
464,24.566147
465,24.373121
466,24.067362
467,24.838587
468,25.004404
469,25.239458
470,25.692966
471,25.420370
472,24.873539
473,24.440075
474,24.601696
475,24.142653
476,24.553738
477,24.030226
478,24.810316
479,24.097498
480,24.979012
481,22.958498
482,23.281651
483,21.767427
484,19.439453
485,19.525656
486,18.452761
487,17.459469
488,16.442139
489,16.111404
490,15.329622
491,15.636806
492,15.760294
493,16.268978
494,16.468338
495,16.706993
496,16.922241
497,16.922344
498,17.752939
499,18.350611
500,18.997574
501,19.486399
502,20.678997
503,20.826309
504,20.432261
505,19.319220
506,18.967476
507,18.480465
508,18.503935
509,19.199915
510,19.531040
511,21.131424
512,21.930593
513,21.685833
514,17.634590
515,17.380129
516,17.238493
517,16.856474
518,16.770386
519,16.137880
520,15.720737
521,15.477122
522,15.455573
523,15.242074
524,15.550216
525,15.551556
526,15.451897
527,15.366160
528,15.381242
529,15.250386
530,14.816535
531,14.410744
532,13.926106
533,13.466441
534,13.473085
535,13.079646
536,12.757120
537,12.414918
538,11.721453
539,11.376751
540,11.220389
541,11.112680
542,11.213820
543,11.199622
544,6.546031
545,6.615734
546,6.678687
547,6.687674
548,6.696444
549,6.699550
550,6.745139
551,6.864510
552,7.006545
553,7.156687
554,7.248059
555,7.269871
556,7.263837
557,7.161211
558,7.033531
559,6.903523
560,7.078726
561,7.242375
562,7.346957
563,7.455967
564,7.492920
565,7.488964
566,7.423545
567,7.363724
568,7.330345
569,7.204869
570,7.185075
571,7.155779
572,7.103093
573,7.082902
574,7.010132
575,6.872776
576,6.892110
577,6.802942
578,6.802887
579,6.803627
580,6.855659
581,6.733441
582,6.692059
583,6.658910
584,6.630744
585,6.767538
586,6.709419
587,6.822349
588,6.784871
589,6.871331
590,6.849472
591,6.840724
592,6.853673
593,6.897457
594,6.898201
595,6.902647
596,6.899112
597,6.863312
598,6.876163
599,6.773135
600,6.839040
601,6.715967
602,6.757808
603,6.728393
604,26.376541
605,25.966114
606,26.165091
607,26.117580
608,26.703915
609,27.023684
610,26.964516
611,27.057446
612,26.841152
613,26.942814
614,27.094244
615,26.853989
616,26.771585
617,26.752308
618,26.842789
619,26.491871
620,26.360023
621,26.473932
622,26.617376
623,26.625502
624,26.551367
625,26.670189
626,26.294487
627,26.164423
628,26.176203
629,25.987329
630,26.481075
631,27.029760
632,26.884115
633,26.709354
634,27.063152
635,26.942530
636,27.039274
637,27.075762
638,27.092159
639,27.128387
640,27.038479
641,27.233040
642,27.269356
643,27.214293
644,27.085627
645,27.477949
646,27.130310
647,27.271240
648,27.004601
649,26.826248
650,27.077936
651,26.952452
652,27.277390
653,27.443178
654,27.092495
655,27.172245
656,27.578733
657,27.482018
658,28.006172
659,27.580484
660,27.901327
661,27.917858
662,28.001457
663,28.073511
664,30.074450
665,30.190676
666,29.850475
667,30.001141
668,29.792549
669,29.922150
670,29.786459
671,30.048542
672,30.055384
673,29.762091
674,29.819344
675,29.892000
676,29.966522
677,29.661753
678,29.621861
679,29.361698
680,29.717480
681,29.647821
682,29.358431
683,29.513229
684,29.088856
685,29.096464
686,28.898954
687,28.955399
688,29.867188
689,29.863089
690,29.567986
691,29.589979
692,29.743742
693,29.778906
694,6.261063
695,6.248998
696,6.226080
697,6.211906
698,6.227596
699,6.242290
700,6.271539
701,6.299397
702,6.276556
703,6.292215
704,6.278664
705,6.270073
706,6.230122
707,6.195582
708,6.173296
709,6.149528
710,6.072306
711,6.083863
712,6.056730
713,6.054063
714,6.038609
715,6.019598
716,6.032227
717,6.001196
718,6.017860
719,5.973144
720,5.955636
721,5.910298
722,5.919817
723,5.930625
724,10.580873
725,10.588613
726,10.525360
727,10.541040
728,10.488834
729,10.506913
730,10.429159
731,10.434224
732,10.386904
733,10.344116
734,10.339481
735,10.310603
736,10.320004
737,10.383792
738,10.318778
739,10.320993
740,10.291226
741,10.334340
742,10.370516
743,10.387840
744,10.436073
745,10.378862
746,10.473097
747,10.414296
748,10.444372
749,10.358563
750,10.374190
751,10.277228
752,10.318416
753,10.197142
754,10.237699
755,10.197277
756,10.171246
757,10.162024
758,10.128826
759,10.177799
760,10.141622
761,10.192834
762,10.177004
763,10.181030
764,10.224154
765,10.284507
766,10.461910
767,10.502760
768,10.610335
769,10.693504
770,10.794426
771,10.833608
772,10.930470
773,11.081587
774,11.397990
775,12.278296
776,13.178690
777,13.838538
778,15.017513
779,15.605085
780,16.468718
781,17.833273
782,19.375294
783,19.764862
784,20.498711
785,19.270761
786,18.686516
787,17.602301
788,17.219585
789,16.993055
790,16.563828
791,16.172157
792,15.992193
793,15.534383
794,15.237122
795,15.011145
796,14.349987
797,13.817126
798,13.482955
799,12.842490
800,12.362371
801,12.149562
802,11.934707
803,11.978344
804,12.096800
805,12.534951
806,12.974390
807,13.287955
808,13.992575
809,14.407812
810,14.729160
811,15.074923
812,15.020080
813,14.938000
814,15.188570
815,15.253661
816,15.336732
817,15.211183
818,15.171434
819,15.097578
820,14.864792
821,14.527470
822,14.294756
823,13.837152
824,13.565962
825,13.388182
826,13.108050
827,12.964410
828,12.913458
829,12.754647
830,12.671955
831,12.622303
832,12.575764
833,12.414437
834,12.289374
835,12.001144
836,11.843906
837,11.729687
838,11.555452
839,11.507133
840,11.510191
841,11.521974
842,11.550147
843,11.594545
844,11.700888
845,11.875528
846,12.038874
847,12.407026
848,12.635148
849,12.700155
850,12.800941
851,12.796514
852,12.762377
853,12.724842
854,12.661917
855,12.615024
856,12.488811
857,12.391404
858,12.311150
859,12.081457
860,11.756665
861,11.544616
862,11.260303
863,11.125022
864,11.062068
865,10.987161
866,11.007043
867,11.037009
868,11.121178
869,11.214997
870,11.280624
871,11.344552
872,11.389747
873,11.388133
874,28.396851
875,28.544609
876,28.255020
877,28.286379
878,28.157669
879,28.302307
880,28.270109
881,28.126898
882,27.978340
883,28.041597
884,28.130987
885,28.172277
886,27.972708
887,27.980106
888,27.986406
889,27.972511
890,27.903414
891,27.866901
892,27.919239
893,28.138727
894,28.145699
895,28.001574
896,28.535614
897,28.803005
898,28.471218
899,28.261099
900,28.595600
901,28.804688
902,28.912315
903,28.765125
904,31.390656
905,31.471884
906,31.591516
907,31.482418
908,31.396799
909,31.594103
910,31.430109
911,31.333143
912,31.380560
913,31.468672
914,31.364080
915,31.375559
916,30.937346
917,30.965218
918,31.094885
919,31.363554
920,31.203110
921,31.280132
922,31.392145
923,31.706696
924,31.678188
925,31.488363
926,31.940731
927,31.818718
928,31.627439
929,31.556810
930,31.934175
931,31.780962
932,31.354576
933,30.994377
934,30.987812
935,30.977905
936,30.941078
937,30.762703
938,30.656639
939,30.657480
940,30.763912
941,30.514816
942,30.423994
943,30.592134
944,30.325920
945,30.226233
946,30.289909
947,30.228325
948,30.123165
949,29.643717
950,29.447269
951,29.456141
952,29.545849
953,29.512030
954,29.587833
955,29.587641
956,29.702354
957,29.804007
958,29.789362
959,29.670126
960,29.864260
961,29.816675
962,29.613819
963,29.517262
964,30.261185
965,30.154465
966,29.861908
967,29.818052
968,29.920504
969,29.946741
970,29.894951
971,29.834919
972,29.947809
973,30.023970
974,30.375608
975,30.146433
976,30.147770
977,30.290857
978,30.320042
979,30.281242
980,30.535971
981,30.443142
982,30.676332
983,30.404364
984,30.461700
985,31.110296
986,31.759981
987,32.114620
988,32.153999
989,32.504688
990,33.421951
991,33.562416
992,32.916142
993,32.911335
994,28.846348
995,28.543203
996,28.294397
997,27.826248
998,27.579649
999,27.447767
1000,26.950605
1001,27.077030
1002,27.247631
1003,27.337404
1004,27.340490
1005,27.135300
1006,27.246330
1007,27.352417
1008,27.558594
1009,27.439085
1010,27.414238
1011,27.269865
1012,27.791830
1013,27.802094
1014,27.529873
1015,26.766850
1016,26.379208
1017,26.255451
1018,26.211622
1019,26.108110
1020,26.706030
1021,26.375656
1022,26.313772
1023,26.521536
1024,26.784470
1025,26.855621
1026,26.919832
1027,26.812637
1028,26.689854
1029,26.535210
1030,26.618702
1031,26.488241
1032,26.812870
1033,26.510561
1034,26.404121
1035,26.495438
1036,26.517550
1037,26.683931
1038,26.421391
1039,26.131878
1040,25.947603
1041,25.992178
1042,25.984192
1043,26.053051
1044,25.901423
1045,25.631536
1046,25.998930
1047,25.923620
1048,26.006935
1049,25.991379
1050,26.243479
1051,26.280642
1052,26.328342
1053,26.146078
1054,14.568749
1055,14.608070
1056,14.648659
1057,14.717828
1058,14.737044
1059,14.740671
1060,14.789050
1061,14.799979
1062,14.835442
1063,14.871136
1064,14.886691
1065,14.894557
1066,14.965078
1067,14.998258
1068,15.022884
1069,15.025480
1070,14.990276
1071,14.933498
1072,14.960462
1073,15.055037
1074,15.105538
1075,15.106572
1076,14.828010
1077,14.761068
1078,14.836463
1079,15.065806
1080,15.456822
1081,15.852695
1082,15.882815
1083,15.957186
1084,16.322842
1085,16.815557
1086,17.036989
1087,18.078283
1088,19.961420
1089,21.441284
1090,20.724861
1091,19.374762
1092,18.968441
1093,18.338797
1094,17.675852
1095,17.223606
1096,16.666636
1097,16.700241
1098,17.176294
1099,16.905003
1100,16.347326
1101,16.669157
1102,16.465702
1103,16.149937
1104,15.647542
1105,15.367248
1106,15.531159
1107,15.978903
1108,15.906289
1109,15.743174
1110,16.112535
1111,16.780121
1112,17.258766
1113,18.208183
1114,17.090910
1115,17.552128
1116,17.910631
1117,18.124865
1118,17.453308
1119,15.463837
1120,16.310020
1121,16.386232
1122,15.854269
1123,15.469015
1124,14.821268
1125,14.023736
1126,13.367657
1127,13.374971
1128,13.135487
1129,12.695710
1130,13.106052
1131,13.454597
1132,13.004253
1133,12.979088
1134,13.584097
1135,13.419732
1136,13.168972
1137,12.946078
1138,12.854527
1139,12.790868
1140,12.895667
1141,12.942684
1142,13.142062
1143,15.922567
1144,15.793552
1145,15.698936
1146,15.922957
1147,15.983899
1148,16.160097
1149,16.383286
1150,16.176050
1151,15.838053
1152,16.177326
1153,16.251265
1154,16.309502
1155,16.114391
1156,15.787747
1157,15.438384
1158,15.861958
1159,15.718568
1160,15.449700
1161,15.011698
1162,15.065553
1163,15.246354
1164,15.210303
1165,14.742723
1166,14.526760
1167,14.947911
1168,14.923832
1169,14.678803
1170,14.367554
1171,14.622523
1172,14.839119
1173,15.126864
1174,15.821739
1175,16.113222
1176,16.277050
1177,16.287806
1178,16.665905
1179,16.625031
1180,17.074133
1181,17.121502
1182,17.742887
1183,18.121763
1184,18.881060
1185,18.934092
1186,19.133043
1187,19.030352
1188,18.832201
1189,18.766924
1190,18.984201
1191,19.127893
1192,19.495119
1193,19.454840
1194,20.101368
1195,20.035782
1196,20.715511
1197,20.812056
1198,20.399178
1199,20.290762
1200,19.930742
1201,20.492348
1202,20.996056
1203,21.068895
1204,22.968180
1205,23.010166
1206,23.078775
1207,22.712767
1208,22.719820
1209,22.736341
1210,22.869413
1211,23.025982
1212,23.107809
1213,23.062027
1214,23.109573
1215,23.105347
1216,22.911242
1217,22.926159
1218,22.967144
1219,23.005285
1220,22.984591
1221,23.137259
1222,23.523527
1223,23.582510
1224,23.539143
1225,23.500566
1226,23.595602
1227,23.513769
1228,23.483942
1229,23.565456
1230,23.852058
1231,23.466055
1232,23.295120
1233,23.345594
1234,12.108113
1235,12.284822
1236,12.410848
1237,12.449457
1238,12.572627
1239,12.574544
1240,12.614366
1241,12.622256
1242,12.617001
1243,12.665321
1244,12.703736
1245,12.672547
1246,12.795053
1247,12.869494
1248,12.884133
1249,12.985399
1250,13.153790
1251,13.214671
1252,13.238491
1253,13.206437
1254,13.155386
1255,13.207850
1256,13.485358
1257,13.545427
1258,13.581038
1259,13.638914
1260,13.719662
1261,13.827903
1262,14.111178
1263,14.218322
1264,14.219542
1265,14.328967
1266,14.442795
1267,14.568974
1268,14.644142
1269,14.747788
1270,14.881319
1271,14.935639
1272,14.962701
1273,15.029814
1274,15.059681
1275,15.145996
1276,15.155005
1277,15.230185
1278,15.147235
1279,15.182690
1280,15.352721
1281,15.324849
1282,15.440343
1283,15.608582
1284,15.536424
1285,15.503132
1286,15.449371
1287,15.450967
1288,15.454937
1289,15.509389
1290,15.532962
1291,15.529765
1292,15.487627
1293,15.468604
1294,28.607870
1295,28.722605
1296,28.592838
1297,28.568626
1298,28.527962
1299,28.407383
1300,28.425373
1301,28.439781
1302,28.362991
1303,28.455196
1304,28.418388
1305,28.462257
1306,28.412584
1307,28.424015
1308,28.306505
1309,28.296131
1310,28.385860
1311,28.612120
1312,28.506834
1313,28.506239
1314,28.460987
1315,28.493845
1316,28.845043
1317,29.329359
1318,29.604040
1319,29.922131
1320,29.805483
1321,29.843864
1322,30.134428
1323,30.056686
1324,29.940029
1325,29.976036
1326,30.049809
1327,29.961443
1328,29.970268
1329,30.020611
1330,29.999413
1331,30.014414
1332,29.918875
1333,29.974001
1334,29.953938
1335,29.857063
1336,29.688719
1337,29.616383
1338,29.864159
1339,29.737534
1340,29.652996
1341,29.744568
1342,29.792458
1343,29.869865
1344,29.774883
1345,29.720409
1346,29.692366
1347,29.613173
1348,29.752316
1349,29.499420
1350,29.773928
1351,29.875956
1352,29.793768
1353,29.891573
1354,11.723244
1355,11.750848
1356,11.766930
1357,11.759490
1358,11.717026
1359,11.700880
1360,11.685266
1361,11.675920
1362,11.667459
1363,11.681139
1364,11.667860
1365,11.603560
1366,11.574620
1367,11.577270
1368,11.584602
1369,11.689077
1370,11.763552
1371,11.835065
1372,11.894015
1373,11.965961
1374,12.018925
1375,11.999605
1376,12.096867
1377,11.546777
1378,11.728550
1379,11.656279
1380,11.989238
1381,12.098514
1382,11.920403
1383,11.974613
1384,7.114894
1385,7.253411
1386,7.269021
1387,7.180169
1388,7.344542
1389,7.353573
1390,7.349829
1391,7.396235
1392,7.360605
1393,7.314894
1394,7.383502
1395,7.236450
1396,7.151564
1397,7.075166
1398,7.400096
1399,7.337501
1400,7.453430
1401,7.557614
1402,7.506972
1403,7.596447
1404,7.776843
1405,7.614385
1406,7.792303
1407,7.819154
1408,7.604290
1409,7.774951
1410,7.821562
1411,7.557067
1412,7.638776
1413,7.665460
1414,13.234775
1415,13.275713
1416,13.537381
1417,13.473017
1418,13.549819
1419,13.744586
1420,13.476592
1421,13.421459
1422,13.435303
1423,13.326149
1424,13.359713
1425,13.418339
1426,13.167359
1427,13.297401
1428,13.297509
1429,12.658006
1430,12.836168
1431,12.237759
1432,12.331021
1433,12.641324
1434,12.173902
1435,12.266143
1436,12.621313
1437,12.502344
1438,12.405306
1439,12.215769
1440,12.694977
1441,12.576570
1442,12.600766
1443,12.872732
1444,7.927525
1445,7.873937
1446,7.926096
1447,7.940429
1448,7.957517
1449,7.934312
1450,7.960621
1451,7.980939
1452,8.092704
1453,8.119955
1454,8.150072
1455,8.208382
1456,8.247038
1457,8.270699
1458,8.280665
1459,8.318863
1460,8.368270
1461,8.404306
1462,8.438029
1463,8.534577
1464,8.514890
1465,8.560252
1466,8.521584
1467,8.573689
1468,8.622117
1469,8.709952
1470,8.715995
1471,8.719309
1472,8.774740
1473,8.717214
1474,14.824409
1475,14.919507
1476,15.008208
1477,15.128555
1478,15.254336
1479,15.456615
1480,15.653328
1481,15.802639
1482,15.938285
1483,16.007706
1484,16.066530
1485,16.137590
1486,16.175976
1487,16.193089
1488,16.249861
1489,16.132189
1490,16.200367
1491,16.162773
1492,16.348816
1493,16.472221
1494,16.604195
1495,16.814085
1496,17.173901
1497,17.202740
1498,17.436863
1499,17.545547
1500,17.684992
1501,17.868399
1502,18.684669
1503,18.865311
1504,27.310862
1505,27.534018
1506,27.417717
1507,27.337078
1508,27.305531
1509,27.215757
1510,27.474432
1511,27.556810
1512,27.192081
1513,27.397364
1514,27.204744
1515,27.489197
1516,27.562456
1517,27.837934
1518,27.746927
1519,27.795815
1520,27.680975
1521,27.637920
1522,27.756432
1523,27.831005
1524,27.957697
1525,27.844257
1526,27.775711
1527,27.637213
1528,27.723661
1529,27.685617
1530,27.822800
1531,27.621113
1532,27.930136
1533,27.989964
1534,7.553566
1535,7.539003
1536,7.550152
1537,7.542427
1538,7.542339
1539,7.524244
1540,7.544938
1541,7.570048
1542,7.619054
1543,7.609322
1544,7.643078
1545,7.638446
1546,7.652472
1547,7.665662
1548,7.633708
1549,7.660043
1550,7.638747
1551,7.631232
1552,7.637081
1553,7.625853
1554,7.628875
1555,7.622304
1556,7.606152
1557,7.607556
1558,7.602760
1559,7.590410
1560,7.604161
1561,7.606448
1562,7.624190
1563,7.630796
1564,28.220932
1565,28.081186
1566,28.221193
1567,28.210161
1568,28.170834
1569,28.201923
1570,28.164133
1571,28.281282
1572,28.502882
1573,28.281319
1574,28.174644
1575,28.192606
1576,28.225664
1577,28.265438
1578,28.414715
1579,28.584824
1580,28.568178
1581,28.265234
1582,28.222321
1583,28.249666
1584,28.170769
1585,28.213348
1586,28.135441
1587,28.006500
1588,27.895235
1589,28.187984
1590,28.036236
1591,28.056282
1592,28.084557
1593,28.007343
1594,27.961199
1595,27.963652
1596,27.921869
1597,27.939026
1598,27.824593
1599,27.368725
1600,27.539501
1601,27.685324
1602,27.772417
1603,27.570099
1604,27.685102
1605,27.594128
1606,27.742859
1607,27.441547
1608,27.543549
1609,27.571592
1610,27.704601
1611,27.710098
1612,27.635225
1613,27.437798
1614,27.627380
1615,27.358124
1616,27.290247
1617,27.422981
1618,27.608177
1619,27.678177
1620,27.446861
1621,27.229025
1622,27.436689
1623,27.474724
1624,27.332933
1625,27.457636
1626,27.765268
1627,27.375763
1628,27.679178
1629,27.667114
1630,27.728134
1631,27.683603
1632,27.134459
1633,27.121532
1634,27.362604
1635,28.045759
1636,27.880732
1637,28.040440
1638,28.052073
1639,28.385735
1640,28.665331
1641,28.506746
1642,28.752457
1643,28.803242
1644,28.850109
1645,28.659184
1646,28.708090
1647,29.036493
1648,29.021439
1649,28.762552
1650,28.843821
1651,28.900249
1652,29.075443
1653,28.810604
1654,7.023030
1655,7.028258
1656,7.042515
1657,7.054676
1658,7.036463
1659,7.012937
1660,7.002581
1661,7.000209
1662,7.005717
1663,7.001083
1664,6.993325
1665,6.970718
1666,6.954509
1667,6.936017
1668,6.914186
1669,6.905508
1670,6.883327
1671,6.852361
1672,6.819541
1673,6.799100
1674,6.789120
1675,6.778363
1676,6.766708
1677,6.748343
1678,6.727058
1679,6.711576
1680,6.693948
1681,6.682980
1682,6.685246
1683,6.693282
1684,13.153218
1685,13.156196
1686,13.112178
1687,13.084159
1688,13.069809
1689,13.119023
1690,13.096317
1691,13.044662
1692,13.052833
1693,12.987397
1694,12.942262
1695,12.922091
1696,12.812830
1697,12.704186
1698,12.657360
1699,12.602733
1700,12.584398
1701,12.541903
1702,12.504369
1703,12.535260
1704,12.518611
1705,12.491098
1706,12.462458
1707,12.424122
1708,12.104712
1709,12.015192
1710,11.945655
1711,11.819972
1712,11.782308
1713,11.620286
1714,11.592531
1715,11.464691
1716,11.267110
1717,11.153700
1718,11.063548
1719,10.981634
1720,11.022353
1721,11.216130
1722,11.251366
1723,11.272660
1724,11.292261
1725,11.248266
1726,11.175547
1727,11.250070
1728,11.151567
1729,11.115915
1730,11.117104
1731,10.988010
1732,11.009559
1733,10.903131
1734,10.746514
1735,10.650913
1736,10.621955
1737,10.718903
1738,10.871494
1739,11.314568
1740,11.459803
1741,11.758173
1742,12.193769
1743,12.404536
1744,12.514255
1745,12.547478
1746,12.618953
1747,12.668085
1748,12.786354
1749,12.900366
1750,12.984336
1751,13.017399
1752,13.062901
1753,13.079447
1754,13.128310
1755,13.145491
1756,13.175376
1757,13.214773
1758,13.273818
1759,13.332198
1760,13.449899
1761,13.483219
1762,13.515895
1763,13.562047
1764,13.593103
1765,13.596446
1766,13.617785
1767,13.628272
1768,13.676655
1769,13.729567
1770,13.769432
1771,13.823907
1772,13.875305
1773,13.891472
1774,13.565070
1775,13.579446
1776,13.607030
1777,13.656445
1778,13.675056
1779,13.737602
1780,13.770585
1781,13.815359
1782,13.813783
1783,13.806246
1784,13.836074
1785,13.825588
1786,13.944317
1787,13.972034
1788,14.071175
1789,14.130217
1790,14.186797
1791,14.268551
1792,14.248623
1793,14.189623
1794,14.191549
1795,14.172934
1796,14.200688
1797,14.224470
1798,14.179377
1799,14.152033
1800,14.169964
1801,14.132673
1802,14.151265
1803,14.127231
1804,6.425423
1805,6.410411
1806,6.385158
1807,6.351819
1808,6.337696
1809,6.389335
1810,6.374908
1811,6.405303
1812,6.416039
1813,6.426981
1814,6.443202
1815,6.437057
1816,6.445585
1817,6.479918
1818,6.528536
1819,6.603189
1820,6.651922
1821,6.695615
1822,6.956320
1823,7.106302
1824,7.659474
1825,7.671373
1826,7.743280
1827,7.731414
1828,7.709207
1829,7.701492
1830,7.700311
1831,7.711948
1832,7.717702
1833,7.710613
1834,28.347935
1835,28.385002
1836,28.368496
1837,28.312763
1838,28.305996
1839,28.182880
1840,28.029615
1841,27.966150
1842,28.072309
1843,27.884991
1844,27.693869
1845,27.579292
1846,27.532909
1847,27.520107
1848,27.481606
1849,27.428135
1850,27.220366
1851,27.090681
1852,26.921068
1853,26.813160
1854,26.517881
1855,26.470726
1856,26.403790
1857,26.728607
1858,26.837257
1859,26.899202
1860,26.952702
1861,26.767416
1862,26.451981
1863,26.276405
1864,7.719988
1865,7.602636
1866,7.514636
1867,7.552112
1868,7.578614
1869,7.717381
1870,7.842208
1871,7.884139
1872,7.935415
1873,7.850909
1874,7.833221
1875,7.810865
1876,7.793703
1877,7.809257
1878,7.863270
1879,7.756513
1880,7.783492
1881,7.865600
1882,7.950441
1883,7.990584
1884,8.003012
1885,7.834804
1886,7.802415
1887,7.796107
1888,7.848016
1889,7.888506
1890,7.930724
1891,7.871269
1892,7.697453
1893,7.772342
1894,7.773493
1895,7.853032
1896,7.889667
1897,7.889986
1898,7.974562
1899,8.175024
1900,8.274169
1901,8.439561
1902,8.504200
1903,8.279998
1904,8.154016
1905,8.195409
1906,8.251872
1907,8.469935
1908,8.577378
1909,8.518793
1910,8.289198
1911,8.367082
1912,8.408283
1913,8.409416
1914,8.262691
1915,8.127958
1916,8.150340
1917,8.189117
1918,8.257831
1919,8.358677
1920,8.376732
1921,8.589361
1922,8.639245
1923,8.587322
1924,26.604448
1925,26.447559
1926,26.520739
1927,26.642078
1928,26.549978
1929,26.219778
1930,26.151255
1931,26.477379
1932,26.420467
1933,26.252184
1934,26.009495
1935,25.906149
1936,26.480145
1937,26.991549
1938,27.312140
1939,27.240631
1940,26.910635
1941,26.705763
1942,27.194992
1943,26.999008
1944,26.933104
1945,27.020126
1946,27.240475
1947,27.270622
1948,27.614920
1949,27.269791
1950,26.968395
1951,26.782703
1952,27.162310
1953,27.433908
1954,27.412916
1955,27.399771
1956,27.612520
1957,27.710018
1958,27.165468
1959,27.372711
1960,27.555077
1961,27.246334
1962,27.560041
1963,27.170235
1964,27.337912
1965,27.129637
1966,27.516996
1967,27.189861
1968,26.843452
1969,27.316624
1970,27.009815
1971,27.374823
1972,26.774492
1973,26.657003
1974,26.764515
1975,26.487494
1976,26.051497
1977,25.868242
1978,25.894741
1979,25.750526
1980,25.611071
1981,25.989002
1982,25.438770
1983,26.361637
1984,9.298333
1985,9.651237
1986,9.273685
1987,9.187431
1988,9.265343
1989,9.285490
1990,8.718003
1991,8.875251
1992,8.761930
1993,8.939072
1994,8.696816
1995,8.657869
1996,8.811089
1997,8.964975
1998,9.080633
1999,8.823381
2000,8.687184
2001,8.794371
2002,9.042490
2003,9.305923
2004,10.409885
2005,10.631777
2006,10.375712
2007,10.391312
2008,9.940865
2009,9.443303
2010,9.128110
2011,8.541721
2012,8.656802
2013,8.569113
2014,21.263941
2015,20.249474
2016,18.963339
2017,18.281948
2018,18.430885
2019,18.285738
2020,18.216688
2021,18.389151
2022,18.270103
2023,18.408792
2024,18.444473
2025,18.198631
2026,18.234596
2027,18.083723
2028,18.052092
2029,18.157539
2030,18.477337
2031,18.456196
2032,18.531982
2033,18.591688
2034,19.065334
2035,19.105101
2036,19.651724
2037,20.146809
2038,20.051708
2039,20.964277
2040,21.638203
2041,21.601177
2042,20.911045
2043,20.420967
2044,19.260597
2045,19.125067
2046,19.086945
2047,19.717955
2048,19.660545
2049,19.252386
2050,19.623541
2051,19.636528
2052,19.751602
2053,19.739098
2054,19.754494
2055,19.827028
2056,19.827751
2057,19.495865
2058,19.721464
2059,19.579359
2060,19.202868
2061,19.756891
2062,19.188215
2063,19.309544
2064,19.575930
2065,19.039619
2066,19.226725
2067,19.418041
2068,18.740305
2069,19.066969
2070,18.722532
2071,18.594410
2072,18.939873
2073,18.470755
2074,18.302277
2075,18.348133
2076,17.911617
2077,18.172935
2078,18.516788
2079,18.871210
2080,18.804762
2081,18.656723
2082,18.629295
2083,18.886232
2084,19.087391
2085,18.883141
2086,18.764809
2087,18.549904
2088,18.796686
2089,18.389824
2090,18.340166
2091,18.490625
2092,18.897657
2093,18.599619
2094,18.490805
2095,18.541685
2096,19.335655
2097,19.867830
2098,20.018215
2099,20.341290
2100,19.680126
2101,18.561853
2102,18.445742
2103,19.189615
2104,22.998411
2105,22.714180
2106,20.552664
2107,19.729839
2108,19.250938
2109,20.977989
2110,21.185856
2111,21.656044
2112,21.850313
2113,21.697449
2114,21.815985
2115,18.879282
2116,19.509655
2117,19.881363
2118,19.500740
2119,19.768335
2120,20.072525
2121,20.022663
2122,20.509331
2123,20.441618
2124,20.453352
2125,20.459345
2126,21.038828
2127,20.376221
2128,20.328930
2129,20.419418
2130,20.351109
2131,20.340551
2132,20.306179
2133,20.245134
2134,30.052923
2135,30.593674
2136,30.670151
2137,30.476294
2138,30.188141
2139,30.414501
2140,30.313904
2141,30.365494
2142,30.124041
2143,29.740965
2144,29.629187
2145,29.609484
2146,28.976366
2147,28.929110
2148,29.612404
2149,29.550901
2150,29.335648
2151,28.989101
2152,29.034658
2153,28.795053
2154,28.121206
2155,26.385290
2156,25.111441
2157,25.802702
2158,26.290489
2159,28.338282
2160,28.446856
2161,28.773344
2162,28.962482
2163,28.650904
2164,28.242933
2165,27.632164
2166,27.467091
2167,27.530491
2168,27.305849
2169,27.842852
2170,27.694271
2171,28.293201
2172,27.899431
2173,27.784916
2174,27.459333
2175,27.967039
2176,27.454042
2177,27.112606
2178,27.430784
2179,27.401688
2180,26.611721
2181,26.365667
2182,25.765966
2183,25.395159
2184,26.050755
2185,25.808249
2186,24.136604
2187,24.030947
2188,26.636122
2189,26.744436
2190,27.020279
2191,26.940157
2192,27.175686
2193,27.707165
2194,27.098612
2195,27.692694
2196,27.312576
2197,26.867916
2198,26.852997
2199,23.934225
2200,25.856222
2201,26.128462
2202,25.460037
2203,25.710890
2204,26.328838
2205,26.584097
2206,25.656763
2207,26.429075
2208,26.622038
2209,26.251995
2210,26.036142
2211,26.134155
2212,25.997446
2213,24.526880
2214,26.268784
2215,26.677252
2216,26.178932
2217,25.891247
2218,26.156427
2219,25.863064
2220,25.544357
2221,26.120945
2222,25.083359
2223,24.870724
2224,25.116623
2225,25.498497
2226,25.689276
2227,25.035139
2228,25.006443
2229,24.997953
2230,24.725288
2231,24.390707
2232,24.396639
2233,23.787960
2234,23.989622
2235,23.206974
2236,23.322920
2237,24.525724
2238,24.172476
2239,23.905582
2240,23.819765
2241,23.910416
2242,23.781557
2243,23.836094
2244,23.521074
2245,23.741209
2246,23.880497
2247,23.693344
2248,23.546932
2249,23.340021
2250,23.200039
2251,22.844893
2252,23.080339
2253,23.338923
2254,16.421104
2255,18.237959
2256,17.533014
2257,16.825869
2258,17.165762
2259,17.076340
2260,16.542110
2261,16.737902
2262,17.307243
2263,17.897522
2264,18.195370
2265,19.048452
2266,19.581493
2267,19.724194
2268,20.072084
2269,20.155926
2270,20.163759
2271,20.457800
2272,20.531214
2273,19.910069
2274,21.040785
2275,20.906464
2276,21.438070
2277,21.509489
2278,21.574335
2279,21.945576
2280,22.112921
2281,22.200045
2282,21.845083
2283,21.787550
2284,20.476568
2285,20.405783
2286,20.157888
2287,19.538891
2288,19.251127
2289,18.619493
2290,19.297909
2291,19.283365
2292,19.282093
2293,19.272406
2294,19.078611
2295,19.461334
2296,19.517340
2297,18.563129
2298,18.318159
2299,18.455498
2300,18.725409
2301,19.046335
2302,18.906321
2303,19.139969
2304,19.234484
2305,20.016638
2306,20.170031
2307,19.406981
2308,18.903696
2309,19.021051
2310,19.482948
2311,19.460133
2312,19.597197
2313,20.050159
2314,18.900547
2315,19.261089
2316,18.951775
2317,19.208040
2318,19.230021
2319,18.661598
2320,18.856010
2321,18.319700
2322,19.352591
2323,19.619808
2324,19.479185
2325,19.717703
2326,19.981869
2327,19.418526
2328,19.871361
2329,19.254862
2330,19.858416
2331,20.081432
2332,19.752768
2333,20.024561
2334,19.154333
2335,19.678026
2336,19.167986
2337,17.249388
2338,17.532633
2339,17.410511
2340,17.856375
2341,18.194473
2342,17.806295
2343,18.293386
2344,16.721165
2345,17.031940
2346,17.006481
2347,16.576023
2348,16.670359
2349,16.385159
2350,16.283587
2351,16.473713
2352,16.055653
2353,16.310068
2354,15.714520
2355,17.325186
2356,17.402485
2357,16.011341
2358,15.674977
2359,17.761019
2360,16.283106
2361,15.529475
2362,15.701187
2363,16.177277
2364,16.241266
2365,16.038961
2366,16.682432
2367,16.321140
2368,16.868174
2369,17.520786
2370,18.891060
2371,20.032375
2372,19.614727
2373,19.464039
2374,19.878441
2375,19.764111
2376,19.075226
2377,18.512360
2378,20.003624
2379,17.802338
2380,18.459629
2381,20.238968
2382,19.636797
2383,19.678991
2384,20.133390
2385,20.132372
2386,20.064123
2387,19.975410
2388,20.299541
2389,19.999968
2390,16.976990
2391,17.124363
2392,17.023340
2393,15.935966
2394,16.032248
2395,15.088403
2396,15.403255
2397,15.192377
2398,14.487873
2399,15.350023
2400,15.107598
2401,15.670634
2402,16.251188
2403,16.543707
2404,17.896687
2405,16.826788
2406,16.895006
2407,15.991184
2408,16.359726
2409,16.482294
2410,17.211267
2411,16.315395
2412,17.960880
2413,17.083147
2414,17.314528
2415,17.166477
2416,17.121140
2417,17.858677
2418,17.927807
2419,19.518734
2420,16.315641
2421,16.327002
2422,19.982077
2423,18.925970
2424,20.312181
2425,18.613470
2426,18.729088
2427,19.865147
2428,19.632475
2429,19.550497
2430,18.755102
2431,17.178385
2432,17.410423
2433,16.906500
2434,15.615998
2435,17.377563
2436,17.557459
2437,19.333368
2438,18.451256
2439,18.434549
2440,19.561146
2441,18.397913
2442,19.260582
2443,18.971930
2444,17.594294
2445,18.296627
2446,18.169769
2447,19.263195
2448,20.642479
2449,20.392271
2450,20.839449
2451,18.856081
2452,18.906603
2453,19.406792
2454,18.708698
2455,19.058729
2456,18.003464
2457,17.719940
2458,18.090561
2459,16.975658
2460,17.183355
2461,17.038313
2462,16.217449
2463,16.849010
2464,8.176057
2465,8.302371
2466,8.316648
2467,8.345101
2468,8.526187
2469,8.787537
2470,8.832596
2471,8.771699
2472,8.861073
2473,8.907217
2474,8.815840
2475,8.821630
2476,8.568651
2477,8.797263
2478,8.835996
2479,8.909295
2480,8.906521
2481,8.970760
2482,9.034634
2483,9.357281
2484,9.417688
2485,9.609177
2486,9.651792
2487,9.775040
2488,10.056555
2489,10.259858
2490,10.335265
2491,10.270818
2492,10.327066
2493,10.085901
2494,20.323795
2495,19.464340
2496,20.258589
2497,19.881069
2498,20.520554
2499,20.338091
2500,20.004303
2501,20.093239
2502,19.983059
2503,20.205557
2504,21.142612
2505,20.535419
2506,21.099115
2507,19.975704
2508,18.232738
2509,20.224113
2510,19.294228
2511,20.750326
2512,19.987045
2513,20.844355
2514,21.444422
2515,21.094036
2516,21.045771
2517,21.094959
2518,21.109684
2519,19.090855
2520,18.227322
2521,17.851301
2522,17.808474
2523,18.178947
2524,28.226616
2525,28.224949
2526,28.256966
2527,28.300611
2528,28.699558
2529,28.396387
2530,28.061813
2531,27.998264
2532,27.829376
2533,27.993145
2534,27.942566
2535,27.740528
2536,27.835968
2537,27.945074
2538,28.286570
2539,28.094227
2540,28.041201
2541,28.018530
2542,28.243452
2543,28.432121
2544,28.551394
2545,28.711428
2546,28.373388
2547,28.299530
2548,28.166962
2549,28.269016
2550,28.299692
2551,28.566477
2552,28.821888
2553,28.588934
2554,18.913662
2555,20.230448
2556,21.569056
2557,22.869427
2558,24.606470
2559,25.154327
2560,27.293896
2561,28.132854
2562,28.007029
2563,27.828991
2564,27.970310
2565,28.108084
2566,27.744030
2567,28.348198
2568,27.029625
2569,28.607096
2570,28.522535
2571,28.394821
2572,28.717337
2573,28.394251
2574,28.135338
2575,26.985083
2576,26.127420
2577,25.459724
2578,24.354305
2579,24.515274
2580,24.125042
2581,23.863379
2582,23.832024
2583,23.889462
2584,23.903419
2585,24.193819
2586,24.716516
2587,25.334808
2588,26.326597
2589,26.690329
2590,27.888956
2591,28.516611
2592,28.200668
2593,28.340437
2594,27.804926
2595,27.214048
2596,25.932190
2597,25.062128
2598,24.860569
2599,23.836124
2600,23.596466
2601,23.392023
2602,22.970995
2603,22.625027
2604,22.190529
2605,21.991240
2606,22.086899
2607,22.681059
2608,22.989399
2609,23.255108
2610,24.107265
2611,24.023504
2612,24.445604
2613,24.065865
2614,24.275358
2615,23.206097
2616,22.875401
2617,23.456955
2618,24.073177
2619,24.258791
2620,24.374184
2621,24.608337
2622,24.869268
2623,24.387045
2624,24.435244
2625,25.418242
2626,25.335958
2627,25.185862
2628,25.470787
2629,25.506762
2630,25.187870
2631,24.851614
2632,23.768532
2633,23.968634
2634,25.392788
2635,25.001081
2636,25.082773
2637,23.747431
2638,23.644720
2639,22.509407
2640,23.205410
2641,22.949949
2642,22.412218
2643,21.784723
2644,19.925200
2645,19.894878
2646,19.568151
2647,19.192017
2648,19.067469
2649,18.973347
2650,18.851883
2651,18.814262
2652,18.767313
2653,18.992493
2654,18.968262
2655,18.993908
2656,19.069324
2657,18.791552
2658,18.716139
2659,18.701040
2660,18.955572
2661,18.818302
2662,18.862644
2663,18.832436
2664,18.990269
2665,18.515522
2666,18.504295
2667,18.469107
2668,18.717445
2669,18.757988
2670,19.078539
2671,18.885223
2672,18.981857
2673,18.918781
2674,6.683352
2675,6.677699
2676,6.691351
2677,6.717580
2678,6.757658
2679,6.720414
2680,6.731170
2681,6.783064
2682,6.810033
2683,6.828714
2684,6.852305
2685,6.867760
2686,6.904277
2687,6.914593
2688,6.955560
2689,6.947196
2690,6.992606
2691,7.104138
2692,7.105606
2693,7.106732
2694,7.103705
2695,7.123887
2696,7.124837
2697,7.131663
2698,7.169443
2699,7.166993
2700,7.171100
2701,7.183280
2702,7.194565
2703,7.187458
2704,8.992611
2705,9.010012
2706,9.032147
2707,8.992102
2708,8.901064
2709,8.898182
2710,8.813134
2711,8.734807
2712,8.700920
2713,8.609652
2714,8.539028
2715,8.408929
2716,8.377876
2717,8.351903
2718,8.126945
2719,8.103767
2720,8.060297
2721,7.968534
2722,7.923657
2723,7.848371
2724,7.811446
2725,7.759143
2726,7.722136
2727,7.723885
2728,7.665431
2729,7.684037
2730,7.648699
2731,7.621670
2732,7.524929
2733,7.485972
2734,17.063068
2735,17.085764
2736,17.582794
2737,17.152611
2738,17.272150
2739,16.991993
2740,17.162884
2741,16.979660
2742,17.072329
2743,16.914621
2744,17.073656
2745,16.950802
2746,17.370481
2747,18.801622
2748,19.324858
2749,18.721733
2750,17.666420
2751,17.299635
2752,16.840847
2753,16.776907
2754,16.660280
2755,16.714451
2756,16.884657
2757,17.038193
2758,17.081678
2759,17.195072
2760,17.219299
2761,17.153866
2762,17.218479
2763,17.168198
2764,17.174833
2765,17.205368
2766,17.131348
2767,17.250242
2768,17.314699
2769,17.205172
2770,17.242908
2771,17.343456
2772,17.203245
2773,17.278028
2774,17.152046
2775,16.485340
2776,15.762169
2777,14.725744
2778,14.229647
2779,13.383617
2780,12.602282
2781,12.401531
2782,12.065497
2783,11.683001
2784,11.701436
2785,11.600280
2786,11.471399
2787,11.410086
2788,11.594130
2789,11.465302
2790,11.634726
2791,11.656956
2792,11.638424
2793,11.819499
2794,30.339914
2795,30.452192
2796,30.457726
2797,30.528797
2798,30.598427
2799,30.439022
2800,30.354033
2801,30.373957
2802,30.563955
2803,30.497887
2804,30.578627
2805,30.547222
2806,30.536482
2807,30.364149
2808,30.381697
2809,30.298725
2810,30.405155
2811,30.179089
2812,30.150230
2813,29.906084
2814,29.940166
2815,30.043789
2816,29.948313
2817,29.982327
2818,29.873915
2819,29.978464
2820,30.288147
2821,30.169748
2822,30.024567
2823,30.000324
2824,7.374332
2825,7.463590
2826,7.425368
2827,7.464080
2828,7.535235
2829,7.515115
2830,7.502833
2831,7.581526
2832,7.524299
2833,7.630553
2834,7.627072
2835,7.628706
2836,7.708310
2837,7.709862
2838,7.720721
2839,7.728698
2840,7.652917
2841,7.773507
2842,7.767540
2843,7.694049
2844,7.865891
2845,7.741996
2846,7.889897
2847,7.888526
2848,7.970470
2849,8.165663
2850,8.120981
2851,8.266838
2852,8.316062
2853,8.298045
2854,8.472668
2855,8.464794
2856,8.574427
2857,8.669729
2858,8.735147
2859,8.776924
2860,8.871996
2861,8.910386
2862,8.920269
2863,9.017039
2864,9.074169
2865,9.169062
2866,9.188435
2867,9.209114
2868,9.256343
2869,9.333143
2870,9.383737
2871,9.407955
2872,9.465978
2873,9.435482
2874,9.473028
2875,9.491740
2876,9.515602
2877,9.539247
2878,9.587392
2879,9.593845
2880,9.618879
2881,9.680059
2882,9.709463
2883,9.747941
2884,9.770577
2885,9.788395
2886,9.844660
2887,9.845641
2888,9.858682
2889,9.893938
2890,9.872494
2891,9.881695
2892,9.879789
2893,9.878321
2894,9.855195
2895,9.884927
2896,9.893158
2897,9.943374
2898,9.975280
2899,10.004911
2900,10.048446
2901,10.037797
2902,10.050932
2903,10.108681
2904,10.152406
2905,10.273882
2906,10.334129
2907,10.376706
2908,10.461070
2909,10.511226
2910,10.559265
2911,10.636629
2912,10.676412
2913,10.749661
2914,19.138414
2915,19.230999
2916,19.439915
2917,19.596054
2918,19.573503
2919,19.339125
2920,18.939554
2921,18.847420
2922,18.788799
2923,18.822956
2924,18.858362
2925,18.668884
2926,18.313049
2927,17.945950
2928,17.635937
2929,17.155523
2930,16.501530
2931,16.376162
2932,16.156858
2933,16.219879
2934,16.624763
2935,16.864124
2936,17.345877
2937,17.307163
2938,16.814108
2939,16.433046
2940,16.241354
2941,16.447556
2942,16.338596
2943,16.648037
2944,17.575022
2945,17.912291
2946,17.925203
2947,18.178335
2948,18.385149
2949,18.481262
2950,18.478424
2951,18.717484
2952,18.140682
2953,18.336748
2954,18.410463
2955,18.201128
2956,17.742559
2957,18.238297
2958,18.220747
2959,17.420681
2960,17.389059
2961,17.243092
2962,17.137623
2963,17.558161
2964,16.957283
2965,16.538179
2966,16.667334
2967,16.177359
2968,16.086765
2969,16.163429
2970,15.504480
2971,16.001703
2972,15.547074
2973,15.963530
2974,15.892276
2975,15.668822
2976,16.331831
2977,16.624472
2978,17.765209
2979,17.649076
2980,18.192089
2981,17.216143
2982,16.417295
2983,15.630594
2984,15.760849
2985,15.638696
2986,15.678869
2987,15.417152
2988,15.623764
2989,15.976279
2990,16.215971
2991,16.197300
2992,16.262636
2993,16.232023
2994,16.439405
2995,16.441147
2996,16.515118
2997,16.560965
2998,16.558239
2999,16.511253
3000,16.485928
3001,16.539621
3002,16.555485
3003,16.517998
3004,16.334148
3005,16.403145
3006,16.458437
3007,16.615568
3008,16.706230
3009,16.743523
3010,16.958948
3011,17.175217
3012,17.399460
3013,17.520872
3014,17.553953
3015,17.675652
3016,17.985792
3017,18.308191
3018,18.698854
3019,19.536232
3020,19.977591
3021,19.410402
3022,19.536089
3023,20.789436
3024,21.663605
3025,20.604458
3026,19.798248
3027,20.048580
3028,19.675510
3029,19.833096
3030,19.819366
3031,20.324936
3032,20.407431
3033,21.024994
3034,20.599203
3035,20.357771
3036,20.699543
3037,21.263752
3038,21.190683
3039,19.857258
3040,20.032034
3041,21.257751
3042,21.321026
3043,20.973257
3044,20.764252
3045,20.999329
3046,20.380041
3047,20.073895
3048,20.709234
3049,20.648052
3050,20.927526
3051,20.712934
3052,21.015099
3053,21.220341
3054,19.920729
3055,19.687160
3056,18.802546
3057,17.659275
3058,15.740816
3059,15.824029
3060,17.212824
3061,17.410831
3062,17.982903
3063,17.732655
3064,17.240227
3065,16.925922
3066,16.415867
3067,15.623585
3068,15.174885
3069,14.491715
3070,14.149385
3071,13.719510
3072,13.469037
3073,12.918196
3074,12.505003
3075,12.523608
3076,12.659345
3077,12.948811
3078,13.119494
3079,13.359870
3080,13.660611
3081,13.718296
3082,13.940588
3083,14.057079
3084,14.169427
3085,14.370901
3086,14.640708
3087,14.658158
3088,14.874208
3089,15.326818
3090,15.672382
3091,16.126581
3092,16.708553
3093,16.897436
3094,8.213024
3095,8.364044
3096,8.604393
3097,8.682002
3098,8.827108
3099,8.859220
3100,8.798373
3101,8.583659
3102,8.343019
3103,8.062670
3104,8.066979
3105,8.223292
3106,8.495609
3107,8.477924
3108,8.039956
3109,7.897225
3110,7.775120
3111,7.617480
3112,7.537969
3113,7.590438
3114,7.571771
3115,7.722421
3116,7.925111
3117,8.137613
3118,8.227610
3119,8.186723
3120,7.908673
3121,7.858037
3122,7.911576
3123,7.816774
3124,27.998873
3125,28.538912
3126,28.420420
3127,28.687561
3128,28.888247
3129,28.861481
3130,28.742544
3131,29.043783
3132,29.046135
3133,28.946123
3134,28.911598
3135,28.738880
3136,28.758474
3137,28.694651
3138,28.617498
3139,28.532312
3140,28.700829
3141,28.792957
3142,28.939970
3143,28.941067
3144,28.938597
3145,28.874023
3146,29.059353
3147,28.935940
3148,29.116385
3149,29.192900
3150,29.221708
3151,29.191944
3152,29.218405
3153,29.122108
3154,8.781390
3155,8.783394
3156,8.789123
3157,8.916147
3158,9.003300
3159,9.025367
3160,8.957250
3161,8.927361
3162,8.903735
3163,8.974326
3164,9.040995
3165,8.992502
3166,8.993471
3167,8.921630
3168,8.914841
3169,8.975044
3170,8.991539
3171,9.025607
3172,9.058567
3173,9.112750
3174,9.123576
3175,9.170659
3176,9.174780
3177,9.216407
3178,9.271980
3179,9.322048
3180,9.383217
3181,9.412979
3182,9.515708
3183,9.582095
3184,9.732077
3185,10.025968
3186,9.977359
3187,9.375296
3188,9.710893
3189,9.576556
3190,9.479588
3191,9.576773
3192,9.695567
3193,10.198350
3194,10.707206
3195,10.860514
3196,10.993784
3197,11.157249
3198,11.257658
3199,11.293389
3200,10.846797
3201,10.676503
3202,10.443023
3203,10.677985
3204,10.816119
3205,10.967020
3206,10.999421
3207,10.943251
3208,10.868285
3209,10.767361
3210,10.712908
3211,10.681091
3212,10.243985
3213,10.182873
3214,14.688939
3215,15.822991
3216,15.271153
3217,15.052273
3218,15.605945
3219,15.897800
3220,16.640293
3221,16.226517
3222,16.300694
3223,17.449663
3224,17.694086
3225,17.812403
3226,17.702272
3227,17.732698
3228,17.079641
3229,18.308601
3230,18.530836
3231,19.249865
3232,18.822096
3233,18.848749
3234,18.872679
3235,18.811426
3236,18.959045
3237,18.914429
3238,18.953354
3239,19.082680
3240,19.311625
3241,19.553734
3242,19.618679
3243,19.372194
3244,24.691669
3245,24.490808
3246,24.278885
3247,24.334869
3248,22.028767
3249,21.980114
3250,21.801401
3251,21.910904
3252,21.944225
3253,22.300222
3254,22.107763
3255,22.155380
3256,22.053539
3257,22.027462
3258,22.005640
3259,22.222420
3260,23.666491
3261,23.729340
3262,23.542826
3263,23.598484
3264,22.585108
3265,22.207108
3266,22.499958
3267,22.579029
3268,22.720171
3269,22.891687
3270,23.234772
3271,22.936302
3272,23.413134
3273,23.824917
3274,25.458107
3275,25.525476
3276,25.904831
3277,25.757690
3278,25.334442
3279,24.640223
3280,24.571676
3281,24.286695
3282,24.374214
3283,24.127083
3284,23.873753
3285,23.800913
3286,24.321484
3287,24.852179
3288,24.892061
3289,25.471878
3290,26.104572
3291,27.200476
3292,27.691202
3293,28.468519
3294,28.236649
3295,28.617599
3296,28.469446
3297,28.691347
3298,27.932453
3299,27.679260
3300,27.002968
3301,26.528330
3302,26.590063
3303,26.581720
3304,27.621202
3305,29.034058
3306,29.415022
3307,30.101631
3308,30.732080
3309,30.707954
3310,30.549921
3311,30.304455
3312,30.696825
3313,30.409952
3314,30.543068
3315,30.526447
3316,30.544413
3317,30.376955
3318,30.487701
3319,30.075895
3320,30.198057
3321,30.369625
3322,30.242065
3323,29.981901
3324,30.334007
3325,30.205729
3326,30.490524
3327,30.426991
3328,30.166523
3329,30.821676
3330,31.115652
3331,31.583954
3332,30.847593
3333,30.685678
3334,30.075050
3335,30.180861
3336,29.879747
3337,30.132275
3338,30.052340
3339,29.885513
3340,29.461037
3341,29.190203
3342,29.563622
3343,30.119106
3344,29.544636
3345,28.871506
3346,28.903263
3347,29.294455
3348,29.540815
3349,28.994986
3350,29.421961
3351,28.994825
3352,29.122097
3353,28.512897
3354,28.971781
3355,28.894548
3356,29.464197
3357,29.544308
3358,29.755892
3359,30.161968
3360,30.087971
3361,29.882774
3362,30.238632
3363,30.908659
3364,30.600237
3365,30.602074
3366,29.933849
3367,29.765106
3368,29.605267
3369,29.880167
3370,29.487698
3371,29.644972
3372,29.725693
3373,29.811323
3374,29.656849
3375,29.586344
3376,29.759649
3377,29.497450
3378,29.482721
3379,29.327375
3380,29.934828
3381,29.633602
3382,29.935295
3383,29.521057
3384,29.260038
3385,28.948952
3386,29.689405
3387,29.039352
3388,29.845573
3389,29.999786
3390,30.140799
3391,29.824671
3392,29.926527
3393,30.300468
3394,23.154177
3395,22.848236
3396,22.570221
3397,22.264853
3398,21.355398
3399,21.367899
3400,20.591640
3401,18.917166
3402,19.384033
3403,19.128803
3404,18.967142
3405,18.988682
3406,19.033503
3407,19.058640
3408,19.673855
3409,20.604326
3410,20.697966
3411,20.624352
3412,20.656395
3413,20.416775
3414,19.209717
3415,19.854416
3416,19.999397
3417,19.734856
3418,19.403633
3419,19.031570
3420,18.312124
3421,18.376036
3422,19.140072
3423,19.553242
3424,28.806534
3425,28.699665
3426,29.609949
3427,29.135391
3428,29.200697
3429,28.725315
3430,28.483681
3431,28.699780
3432,28.596098
3433,28.794483
3434,28.476629
3435,28.733892
3436,28.821192
3437,29.023918
3438,28.783978
3439,29.287659
3440,29.881748
3441,29.851994
3442,28.858328
3443,29.074333
3444,29.193821
3445,29.059685
3446,28.808418
3447,28.306229
3448,28.023714
3449,28.620329
3450,29.023930
3451,26.490160
3452,26.307484
3453,26.819185
3454,27.476408
3455,27.553955
3456,28.190090
3457,28.295338
3458,28.120829
3459,27.746784
3460,28.095137
3461,27.816643
3462,28.832689
3463,29.344482
3464,28.846693
3465,29.292025
3466,29.004341
3467,28.860313
3468,27.995861
3469,28.535250
3470,28.242239
3471,28.093945
3472,28.366467
3473,28.356220
3474,28.498650
3475,28.428757
3476,28.199997
3477,27.781151
3478,28.261585
3479,28.437309
3480,28.409157
3481,28.397654
3482,28.746542
3483,27.766527
3484,31.195105
3485,30.460337
3486,30.725800
3487,30.326124
3488,30.405193
3489,29.872513
3490,29.913477
3491,29.436058
3492,29.721876
3493,29.212515
3494,29.772657
3495,30.176025
3496,30.552969
3497,30.132792
3498,30.016081
3499,29.784138
3500,29.683819
3501,29.420582
3502,29.174572
3503,29.665110
3504,30.095804
3505,30.319805
3506,29.776283
3507,30.060366
3508,29.525705
3509,29.639551
3510,29.325747
3511,29.306112
3512,30.168907
3513,30.305012
3514,30.483982
3515,30.332735
3516,30.858612
3517,30.472832
3518,30.513247
3519,30.253094
3520,30.496214
3521,30.786579
3522,31.175879
3523,30.528990
3524,30.342804
3525,29.793999
3526,30.006626
3527,29.598948
3528,30.017984
3529,30.186438
3530,30.536045
3531,30.566145
3532,30.459051
3533,30.871275
3534,30.725975
3535,30.600613
3536,30.110142
3537,30.393940
3538,30.706425
3539,30.815298
3540,30.303919
3541,30.396122
3542,30.524313
3543,30.326567
3544,29.769951
3545,29.993498
3546,30.070120
3547,30.134781
3548,30.106615
3549,29.845459
3550,30.404024
3551,30.162424
3552,30.414320
3553,30.293777
3554,30.719463
3555,30.315645
3556,30.615974
3557,29.849586
3558,29.669121
3559,29.083773
3560,29.581579
3561,29.072161
3562,29.877501
3563,29.727293
3564,29.442600
3565,28.879984
3566,29.185146
3567,29.690388
3568,29.148417
3569,28.792339
3570,29.121853
3571,29.713732
3572,30.229298
3573,30.288433
3574,28.820807
3575,28.938723
3576,28.699745
3577,28.879013
3578,28.726402
3579,29.172873
3580,29.347198
3581,29.476051
3582,29.441450
3583,28.963125
3584,29.295424
3585,29.474710
3586,29.405804
3587,29.157991
3588,27.991819
3589,26.664114
3590,28.480953
3591,28.454283
3592,28.389330
3593,28.591116
3594,28.742193
3595,28.303318
3596,29.499317
3597,29.554518
3598,29.618835
3599,29.120083
3600,29.175980
3601,29.581650
3602,29.549816
3603,29.529594
3604,29.468418
3605,28.278206
3606,27.705145
3607,29.529955
3608,29.717649
3609,29.945267
3610,30.118578
3611,30.318336
3612,30.057440
3613,29.091209
3614,27.664454
3615,27.651178
3616,27.920462
3617,27.926363
3618,30.040949
3619,30.277725
3620,30.472820
3621,29.399132
3622,26.859360
3623,29.606434
3624,29.868736
3625,28.847486
3626,29.745193
3627,30.262379
3628,30.335176
3629,29.533842
3630,30.048479
3631,27.959896
3632,29.453915
3633,28.815994
3634,27.508739
3635,27.902309
3636,28.965593
3637,28.983841
3638,28.801649
3639,29.280388
3640,28.863680
3641,28.668200
3642,28.562210
3643,28.688343
3644,28.516489
3645,28.285370
3646,27.268660
3647,27.179010
3648,27.452877
3649,28.872019
3650,28.562168
3651,27.463261
3652,28.386103
3653,28.697569
3654,28.260164
3655,27.832695
3656,27.892117
3657,28.030111
3658,27.870190
3659,27.140654
3660,27.844810
3661,28.285336
3662,28.935041
3663,28.756273
3664,28.908279
3665,29.149796
3666,28.787735
3667,28.756535
3668,28.614389
3669,28.690250
3670,29.666119
3671,29.462135
3672,29.810507
3673,29.736420
3674,28.540533
3675,27.130301
3676,28.487036
3677,28.647976
3678,28.839413
3679,29.660414
3680,29.489935
3681,29.334063
3682,29.459480
3683,28.686356
3684,27.759787
3685,29.775961
3686,29.812820
3687,29.662142
3688,29.866844
3689,29.943434
3690,30.224625
3691,29.955921
3692,28.791847
3693,28.748236
3694,29.386824
3695,28.930887
3696,27.271255
3697,28.077566
3698,29.409422
3699,29.036621
3700,30.285698
3701,27.904621
3702,25.910566
3703,24.304653
3704,22.375999
3705,21.357384
3706,21.490364
3707,20.701258
3708,20.087421
3709,20.430183
3710,21.963123
3711,21.813505
3712,21.596766
3713,22.090973
3714,23.889965
3715,24.344046
3716,24.077377
3717,24.550295
3718,23.676817
3719,20.970509
3720,20.460773
3721,20.169323
3722,20.626150
3723,23.227606
3724,25.945747
3725,23.429873
3726,23.285492
3727,26.074554
3728,29.655846
3729,28.564627
3730,28.312277
3731,27.191240
3732,27.076029
3733,26.942308
3734,26.948685
3735,26.885437
3736,27.316803
3737,27.344004
3738,27.202595
3739,26.603493
3740,27.007292
3741,26.252703
3742,26.021599
3743,26.037945
3744,26.275314
3745,26.564901
3746,26.843090
3747,27.128744
3748,27.239922
3749,27.239542
3750,27.061180
3751,26.984093
3752,27.225567
3753,26.985758
3754,26.926338
3755,27.243525
3756,27.752533
3757,27.895336
3758,28.463501
3759,27.992741
3760,27.794016
3761,27.834425
3762,23.798706
3763,17.217817
3764,14.064967
3765,12.767056
3766,12.164717
3767,11.507903
3768,11.204652
3769,10.639696
3770,10.273321
3771,10.229625
3772,10.176929
3773,10.416735
3774,10.134748
3775,10.125616
3776,10.568495
3777,10.786779
3778,11.430227
3779,12.134722
3780,12.438662
3781,13.378791
3782,15.130677
3783,15.567280
3784,16.540979
3785,18.121899
3786,19.440174
3787,20.999884
3788,22.351221
3789,23.272444
3790,25.609756
3791,25.367918
3792,25.325872
3793,25.256235
3794,25.710402
3795,26.225702
3796,26.273014
3797,24.670349
3798,24.605707
3799,24.172796
3800,24.028374
3801,23.312040
3802,23.014839
3803,23.518461
3804,22.399387
3805,20.678177
3806,19.699913
3807,18.560266
3808,17.200253
3809,15.832903
3810,15.657053
3811,15.940110
3812,15.147028
3813,14.640248
3814,13.484406
3815,12.653779
3816,12.226694
3817,11.628762
3818,10.990791
3819,10.796369
3820,10.369903
3821,10.088875
3822,10.103683
3823,9.924687
3824,9.933673
3825,9.933675
3826,10.039189
3827,10.210171
3828,10.280082
3829,10.603413
3830,11.357799
3831,11.805302
3832,12.755600
3833,13.992381
3834,14.074379
3835,14.335895
3836,14.688126
3837,15.235178
3838,17.670866
3839,19.532640
3840,20.628225
3841,21.139833
3842,20.606802
3843,19.764803
3844,26.528368
3845,26.443220
3846,26.730236
3847,28.066154
3848,27.801092
3849,27.461159
3850,27.016010
3851,27.109716
3852,26.581831
3853,27.071991
3854,26.803495
3855,26.819061
3856,26.883108
3857,26.379963
3858,26.431349
3859,27.522310
3860,28.277098
3861,27.806080
3862,27.502941
3863,27.209499
3864,27.526371
3865,26.584648
3866,26.295128
3867,26.688932
3868,26.486031
3869,25.887285
3870,25.893848
3871,25.538239
3872,25.085819
3873,25.169094
3874,27.092674
3875,27.583946
3876,28.066301
3877,28.351461
3878,27.965649
3879,27.676380
3880,28.026583
3881,28.385035
3882,27.897348
3883,28.385929
3884,28.344084
3885,28.570799
3886,28.375814
3887,28.904810
3888,28.366594
3889,29.023041
3890,28.841539
3891,28.413244
3892,28.838346
3893,29.064392
3894,29.259312
3895,28.648491
3896,28.389212
3897,28.357668
3898,29.079948
3899,29.094145
3900,29.335617
3901,28.947334
3902,29.474148
3903,29.378353
3904,28.365349
3905,28.023785
3906,28.197636
3907,28.121277
3908,28.229683
3909,28.461666
3910,28.569725
3911,28.837862
3912,28.967985
3913,28.841875
3914,28.914272
3915,29.399944
3916,29.302818
3917,29.312096
3918,28.904844
3919,29.037994
3920,29.365915
3921,29.871147
3922,29.263165
3923,29.079407
3924,29.084806
3925,28.570164
3926,28.530441
3927,28.263395
3928,28.098543
3929,28.203808
3930,27.942503
3931,27.924917
3932,28.477680
3933,28.165127
3934,30.596527
3935,30.138596
3936,30.320887
3937,30.374578
3938,30.370512
3939,29.984560
3940,30.080715
3941,30.027422
3942,29.628019
3943,29.588560
3944,29.729446
3945,30.120499
3946,29.940699
3947,29.769485
3948,30.023457
3949,30.392235
3950,30.314402
3951,30.383631
3952,30.191463
3953,30.560816
3954,31.026869
3955,31.209448
3956,30.570717
3957,30.506451
3958,30.357317
3959,30.274769
3960,30.948917
3961,30.284878
3962,30.675085
3963,30.789034
3964,31.499811
3965,31.260750
3966,31.744228
3967,31.466904
3968,31.512049
3969,31.098597
3970,31.356588
3971,31.501492
3972,31.755091
3973,31.167423
3974,31.184690
3975,31.178991
3976,31.020195
3977,30.724417
3978,30.783518
3979,31.250708
3980,31.509926
3981,31.155313
3982,30.879677
3983,31.129166
3984,31.266314
3985,31.222069
3986,31.173738
3987,31.345436
3988,31.583179
3989,31.352356
3990,30.878008
3991,30.788628
3992,30.933815
3993,30.851086
3994,30.736202
3995,30.525808
3996,30.655003
3997,30.759983
3998,30.745134
3999,30.773155
4000,30.834158
4001,30.588123
4002,30.528196
4003,30.414330
4004,30.661160
4005,31.118031
4006,30.942858
4007,30.717026
4008,30.760929
4009,31.114395
4010,31.005369
4011,31.165766
4012,30.911072
4013,31.366304
4014,31.389675
4015,30.956465
4016,31.139112
4017,31.132895
4018,30.870949
4019,31.241114
4020,30.961996
4021,31.007013
4022,31.200108
4023,31.141945
4024,30.746469
4025,30.479256
4026,30.581720
4027,30.872496
4028,30.525757
4029,30.351233
4030,30.521902
4031,30.499001
4032,30.588913
4033,30.442364
4034,30.711685
4035,30.679064
4036,30.680836
4037,30.589386
4038,30.787037
4039,30.594761
4040,30.653477
4041,30.355316
4042,30.187119
4043,30.304462
4044,30.456612
4045,30.243248
4046,30.234743
4047,30.434849
4048,30.705845
4049,30.887823
4050,31.438805
4051,31.435560
4052,30.752773
4053,30.365282
4054,16.542631
4055,14.962265
4056,14.537919
4057,13.885789
4058,13.828794
4059,13.440044
4060,13.539198
4061,13.278380
4062,13.227341
4063,13.286741
4064,13.425637
4065,13.695242
4066,13.547729
4067,13.860567
4068,13.700856
4069,13.848623
4070,13.859519
4071,13.960534
4072,14.192733
4073,14.010359
4074,14.286313
4075,14.167245
4076,14.269761
4077,14.282443
4078,14.367782
4079,14.534046
4080,14.496324
4081,14.555438
4082,14.592101
4083,14.650893
4084,14.726609
4085,14.763099
4086,14.732747
4087,14.607759
4088,14.559253
4089,14.498488
4090,14.535377
4091,14.440518
4092,14.474675
4093,14.491611
4094,14.522210
4095,14.589470
4096,14.573560
4097,14.650639
4098,14.647482
4099,14.702771
4100,14.662458
4101,14.644879
4102,14.484924
4103,14.462835
4104,14.450142
4105,14.253153
4106,14.214080
4107,13.996701
4108,13.948071
4109,13.553572
4110,13.556330
4111,13.443326
4112,13.311872
4113,13.154705
4114,13.211823
4115,13.042567
4116,13.100999
4117,12.962217
4118,12.631948
4119,12.624575
4120,12.208090
4121,11.728241
4122,11.487349
4123,11.199195
4124,11.032348
4125,11.018361
4126,11.037683
4127,11.023103
4128,10.980901
4129,11.013374
4130,10.876550
4131,10.995483
4132,11.142908
4133,11.140095
4134,11.187930
4135,11.337901
4136,11.482481
4137,11.533142
4138,11.595654
4139,11.638450
4140,11.660943
4141,11.673117
4142,11.686152
4143,11.696577
4144,11.731722
4145,11.708163
4146,11.725208
4147,11.699854
4148,11.796151
4149,11.838886
4150,11.749626
4151,11.622112
4152,11.647162
4153,11.599214
4154,11.601111
4155,11.567330
4156,11.555508
4157,11.451961
4158,11.388956
4159,11.226777
4160,11.125282
4161,11.061278
4162,11.098074
4163,10.986738
4164,10.963753
4165,10.797041
4166,10.770824
4167,10.748158
4168,10.806952
4169,10.904935
4170,11.029399
4171,10.895237
4172,11.108219
4173,11.188814
4174,11.421766
4175,11.417986
4176,11.496236
4177,11.397559
4178,11.732500
4179,12.161535
4180,12.518566
4181,12.800335
4182,13.063429
4183,13.523080
4184,14.480652
4185,15.194706
4186,16.874474
4187,25.175282
4188,29.625677
4189,30.701822
4190,30.933035
4191,30.095009
4192,29.251038
4193,29.313675
4194,29.346281
4195,29.299055
4196,29.376572
4197,29.369797
4198,29.488068
4199,29.402229
4200,29.447042
4201,29.228168
4202,29.454014
4203,29.092945
4204,23.216681
4205,23.176117
4206,22.815149
4207,22.996248
4208,23.135498
4209,24.099300
4210,24.107353
4211,24.239723
4212,24.117294
4213,23.798889
4214,24.195311
4215,24.456461
4216,24.470446
4217,25.019024
4218,25.261148
4219,25.614544
4220,25.692533
4221,26.042459
4222,26.534855
4223,26.742331
4224,27.351061
4225,27.205864
4226,28.005592
4227,27.710461
4228,27.973454
4229,28.194479
4230,27.955990
4231,28.110313
4232,27.887581
4233,27.703367
4234,19.666613
4235,19.470655
4236,19.638294
4237,19.670969
4238,18.981747
4239,18.694901
4240,18.280304
4241,18.515308
4242,18.308453
4243,18.527388
4244,18.008497
4245,17.721939
4246,17.510637
4247,18.493877
4248,18.613958
4249,19.393766
4250,19.693203
4251,19.514805
4252,18.563810
4253,18.007492
4254,17.352648
4255,16.437193
4256,15.748003
4257,14.833961
4258,14.129497
4259,13.628561
4260,13.733822
4261,13.869996
4262,13.624335
4263,13.612214
4264,13.731684
4265,13.685111
4266,13.666799
4267,13.619549
4268,13.698177
4269,13.328986
4270,13.174530
4271,13.126831
4272,13.220730
4273,13.521886
4274,13.813063
4275,13.896847
4276,14.085964
4277,14.299123
4278,14.367737
4279,14.556051
4280,14.770183
4281,15.051067
4282,15.662552
4283,17.072214
4284,19.323902
4285,20.208670
4286,22.213923
4287,22.839293
4288,22.623507
4289,23.049156
4290,22.908241
4291,23.023180
4292,23.549389
4293,23.249247
4294,23.343550
4295,23.341534
4296,23.651228
4297,24.084631
4298,25.152596
4299,24.636641
4300,24.957130
4301,25.223082
4302,25.120176
4303,25.480253
4304,25.340351
4305,25.270149
4306,25.376345
4307,25.634346
4308,25.660709
4309,26.109968
4310,26.433430
4311,26.494686
4312,26.454865
4313,26.204123
4314,26.443983
4315,26.399912
4316,26.338076
4317,25.918472
4318,26.141016
4319,26.961262
4320,27.445190
4321,26.905729
4322,27.931959
4323,27.589363
4324,23.243750
4325,22.920404
4326,20.753025
4327,21.367554
4328,20.253353
4329,20.382011
4330,20.461578
4331,20.735422
4332,21.145792
4333,21.623356
4334,22.878954
4335,23.761721
4336,24.313890
4337,24.198540
4338,23.614407
4339,24.339783
4340,23.951441
4341,24.080439
4342,24.243469
4343,23.975126
4344,23.832550
4345,22.561554
4346,23.091618
4347,23.492805
4348,23.572451
4349,24.262695
4350,24.285622
4351,25.301935
4352,25.956676
4353,25.854887
4354,28.215805
4355,28.305307
4356,28.241117
4357,28.632330
4358,28.541105
4359,28.360939
4360,28.366240
4361,28.486727
4362,28.820011
4363,28.614574
4364,28.804855
4365,28.685204
4366,28.791220
4367,28.467236
4368,28.158495
4369,28.592413
4370,28.731117
4371,29.445496
4372,29.181227
4373,28.537970
4374,28.695192
4375,28.528328
4376,29.199762
4377,29.341335
4378,29.064753
4379,28.415586
4380,28.584084
4381,28.294855
4382,28.217861
4383,28.608286
4384,21.626350
4385,21.644220
4386,21.568316
4387,21.790106
4388,22.522181
4389,21.357845
4390,21.653536
4391,22.030085
4392,22.920998
4393,20.205725
4394,22.014393
4395,23.512863
4396,23.409904
4397,23.649284
4398,23.856865
4399,23.512215
4400,23.275158
4401,23.166336
4402,23.965023
4403,23.609480
4404,23.681654
4405,23.683931
4406,23.522068
4407,23.663960
4408,23.570959
4409,23.028206
4410,23.338551
4411,23.199196
4412,23.658861
4413,23.578959
4414,23.768137
4415,23.709272
4416,22.991972
4417,23.814774
4418,23.506990
4419,22.997419
4420,22.666769
4421,23.815901
4422,24.273432
4423,24.471285
4424,23.717354
4425,24.397396
4426,24.737556
4427,24.604549
4428,24.501766
4429,24.548325
4430,24.678682
4431,24.397594
4432,24.559122
4433,24.926491
4434,24.641520
4435,24.541447
4436,24.734945
4437,25.514423
4438,25.253780
4439,24.772024
4440,25.156136
4441,25.180754
4442,24.756378
4443,24.517540
4444,27.065310
4445,26.410025
4446,26.590281
4447,26.671984
4448,27.510046
4449,27.082464
4450,27.700089
4451,28.391272
4452,27.379257
4453,27.245640
4454,28.010246
4455,29.091293
4456,29.482311
4457,29.275402
4458,29.210510
4459,28.898062
4460,29.003839
4461,28.729328
4462,28.585199
4463,29.241167
4464,29.393522
4465,29.256088
4466,29.582394
4467,30.440487
4468,30.511095
4469,30.329042
4470,30.460278
4471,30.845831
4472,31.297770
4473,31.859930
4474,27.648808
4475,27.321440
4476,27.562492
4477,27.525177
4478,27.306129
4479,27.593746
4480,27.745031
4481,27.326710
4482,27.636496
4483,27.737751
4484,27.564974
4485,28.029913
4486,27.372208
4487,26.141527
4488,26.043320
4489,24.429823
4490,21.807354
4491,20.717932
4492,18.147795
4493,17.830629
4494,17.774111
4495,17.277016
4496,17.172789
4497,17.340933
4498,17.438770
4499,17.463184
4500,16.984621
4501,17.103029
4502,17.199663
4503,17.266052
4504,17.388863
4505,17.393585
4506,17.838612
4507,18.127092
4508,18.446892
4509,17.747005
4510,17.357433
4511,17.579193
4512,18.280605
4513,18.367830
4514,18.147850
4515,18.077204
4516,19.921413
4517,20.387934
4518,20.498238
4519,19.206247
4520,19.391237
4521,19.780268
4522,19.927811
4523,19.748716
4524,19.853193
4525,20.920450
4526,23.020563
4527,23.904324
4528,25.607862
4529,27.627100
4530,28.079727
4531,28.103058
4532,27.752487
4533,28.742609
4534,20.819033
4535,20.199163
4536,18.745163
4537,19.553564
4538,19.230925
4539,17.949902
4540,17.663689
4541,17.334820
4542,17.182924
4543,16.931116
4544,16.906309
4545,16.932281
4546,17.021715
4547,17.081657
4548,17.107470
4549,17.112999
4550,18.207729
4551,18.474596
4552,18.494099
4553,18.181499
4554,17.256807
4555,17.352566
4556,17.415199
4557,17.398108
4558,17.595556
4559,17.739119
4560,17.871004
4561,18.086721
4562,18.180187
4563,18.247332
4564,19.843151
4565,20.439663
4566,20.410469
4567,20.497416
4568,19.118784
4569,18.749855
4570,18.265783
4571,19.213140
4572,20.751125
4573,19.463015
4574,19.312424
4575,21.210083
4576,21.344872
4577,19.760048
4578,21.664227
4579,22.033875
4580,21.191954
4581,21.201769
4582,21.798092
4583,22.428581
4584,22.642000
4585,25.097258
4586,23.555519
4587,22.656895
4588,20.390402
4589,21.102423
4590,21.197430
4591,20.702684
4592,20.677380
4593,20.714069
4594,28.527197
4595,28.139076
4596,29.419771
4597,29.785172
4598,29.533245
4599,29.833431
4600,29.637089
4601,29.324995
4602,28.432106
4603,28.556971
4604,28.216518
4605,27.833864
4606,28.040636
4607,28.035419
4608,28.254017
4609,27.474977
4610,27.522738
4611,27.696159
4612,28.033575
4613,27.819227
4614,28.234102
4615,28.181520
4616,28.027452
4617,27.195717
4618,26.615276
4619,26.408253
4620,26.432014
4621,25.592459
4622,24.731939
4623,23.791531
4624,23.992430
4625,25.166082
4626,24.348375
4627,25.223097
4628,24.960222
4629,27.135319
4630,27.148693
4631,27.497702
4632,28.003899
4633,27.823450
4634,27.518106
4635,28.244139
4636,28.348917
4637,28.839109
4638,28.096567
4639,28.267887
4640,28.034454
4641,28.077557
4642,27.789406
4643,27.914379
4644,27.489523
4645,27.656696
4646,28.488560
4647,28.863741
4648,28.446575
4649,29.359562
4650,30.194950
4651,30.121784
4652,29.669092
4653,29.463995
4654,30.083782
4655,30.006886
4656,29.888475
4657,29.854502
4658,29.565252
4659,29.949669
4660,29.676506
4661,29.537949
4662,28.860165
4663,28.605307
4664,28.437897
4665,28.572994
4666,28.516174
4667,28.990545
4668,29.433794
4669,29.613743
4670,28.816378
4671,28.820517
4672,28.495960
4673,28.157930
4674,28.015802
4675,27.841280
4676,27.400286
4677,26.871181
4678,26.561346
4679,26.064302
4680,25.797222
4681,25.622297
4682,25.808468
4683,25.983767
4684,19.043890
4685,19.052837
4686,18.838879
4687,18.480371
4688,18.422777
4689,18.497463
4690,19.105526
4691,19.375137
4692,19.641684
4693,19.623480
4694,19.238680
4695,19.054874
4696,19.268373
4697,19.847013
4698,20.210398
4699,21.848351
4700,22.127459
4701,22.106579
4702,23.348623
4703,26.872536
4704,26.514761
4705,26.529211
4706,25.852512
4707,25.981249
4708,25.324535
4709,24.643564
4710,24.956337
4711,24.921015
4712,24.124733
4713,24.149414
4714,17.109684
4715,16.603891
4716,16.816061
4717,17.169968
4718,17.199123
4719,17.288851
4720,17.581890
4721,17.854628
4722,16.834911
4723,16.890219
4724,17.002716
4725,16.887005
4726,17.323406
4727,17.528730
4728,17.540518
4729,17.294336
4730,18.053513
4731,17.911179
4732,18.032887
4733,18.221539
4734,18.336117
4735,18.192741
4736,17.712212
4737,18.206440
4738,18.064939
4739,18.997227
4740,18.394188
4741,17.988232
4742,17.940918
4743,17.688902
4744,17.999861
4745,18.550673
4746,19.155287
4747,20.390003
4748,20.835541
4749,19.987127
4750,21.462643
4751,23.246666
4752,23.525166
4753,24.335291
4754,25.420904
4755,25.606508
4756,25.496424
4757,26.204166
4758,27.353518
4759,28.008991
4760,28.881430
4761,29.041515
4762,29.305784
4763,29.564764
4764,29.720085
4765,29.827988
4766,29.800104
4767,29.525352
4768,29.362078
4769,29.476244
4770,30.069880
4771,30.009077
4772,29.668203
4773,29.615946
4774,29.178518
4775,29.083754
4776,28.550676
4777,28.867201
4778,29.246489
4779,29.114552
4780,29.137348
4781,29.200851
4782,29.455860
4783,29.412249
4784,29.708845
4785,29.634211
4786,29.730959
4787,29.466541
4788,28.963078
4789,28.417162
4790,28.075556
4791,27.739290
4792,27.161701
4793,26.524183
4794,26.629995
4795,26.731283
4796,26.319649
4797,25.929798
4798,26.030478
4799,26.013763
4800,25.563198
4801,24.984461
4802,25.186071
4803,25.665623
4804,19.865860
4805,19.248634
4806,18.923864
4807,18.754902
4808,18.980156
4809,19.475492
4810,19.361422
4811,19.606289
4812,18.795357
4813,16.765665
4814,17.410957
4815,18.743923
4816,18.376068
4817,18.258711
4818,18.339413
4819,18.166292
4820,18.290894
4821,18.061129
4822,17.863251
4823,17.539171
4824,17.557444
4825,17.547256
4826,17.588282
4827,18.208036
4828,18.792181
4829,18.940760
4830,19.314516
4831,19.337591
4832,19.735914
4833,19.642368
4834,19.861326
4835,19.866829
4836,19.947268
4837,20.074902
4838,19.927387
4839,19.939581
4840,19.831881
4841,19.711140
4842,19.799437
4843,19.927248
4844,20.390207
4845,20.866604
4846,21.737604
4847,20.789070
4848,22.031025
4849,22.851765
4850,24.170889
4851,25.105730
4852,26.194012
4853,27.395502
4854,27.546051
4855,27.408804
4856,27.623512
4857,27.713306
4858,27.700596
4859,27.464689
4860,26.971130
4861,27.467310
4862,27.339628
4863,27.364437
4864,22.292822
4865,22.793396
4866,23.166998
4867,23.381937
4868,23.969446
4869,24.215494
4870,24.158731
4871,23.904829
4872,23.765671
4873,23.814365
4874,23.921232
4875,23.943359
4876,23.923418
4877,23.911865
4878,23.914162
4879,24.028534
4880,24.223036
4881,24.373060
4882,24.346058
4883,24.350454
4884,24.364307
4885,24.500879
4886,24.541248
4887,24.680786
4888,24.744835
4889,24.758591
4890,24.643883
4891,24.678265
4892,24.643600
4893,24.575539
4894,18.315430
4895,18.462553
4896,18.468952
4897,18.515892
4898,18.519674
4899,18.464956
4900,18.232552
4901,18.344791
4902,18.550446
4903,18.511374
4904,17.921907
4905,18.817957
4906,19.004194
4907,19.245325
4908,19.341736
4909,19.621565
4910,19.941288
4911,20.325182
4912,20.697016
4913,20.904730
4914,21.025179
4915,21.450081
4916,21.695620
4917,21.943865
4918,22.740044
4919,23.005579
4920,23.060678
4921,23.395948
4922,23.605606
4923,23.719969
4924,21.974293
4925,22.032272
4926,22.101274
4927,21.758886
4928,21.646326
4929,21.626984
4930,21.713614
4931,21.401047
4932,21.901718
4933,21.869337
4934,21.731339
4935,21.394360
4936,22.033737
4937,21.831726
4938,21.497248
4939,21.641382
4940,21.558250
4941,21.873512
4942,21.989859
4943,21.662817
4944,21.872217
4945,21.837299
4946,22.171219
4947,22.684399
4948,22.290564
4949,21.414202
average,21.261213